{
  "properties": [
    {
      "id": "printaaja.com",
      "label": "printaaja.com",
      "type": "Domain property",
      "icon": "icon/logo.png",
      "verified": true,
      "status": "Domain property",
      "logo": "",

      "overviewIndexing": {
        "dates": ["9/16/25","9/20/25","9/24/25","9/28/25","10/2/25","10/6/25","10/10/25","10/14/25","10/18/25","10/22/25","10/26/25","10/30/25","11/3/25","11/7/25","11/11/25","11/15/25","11/19/25","11/23/25","11/27/25"],
        "indexed":    [10,15,20,40,60,75,90,100,110,115,118,120,120,120,120,120,120,120,120],
        "notIndexed": [390,395,398,405,410,412,415,417,418,419,420,420,420,420,420,420,420,420,420]
      },

      "performance": {
        "dates": ["9/16/25","9/20/25","9/24/25","9/28/25","10/2/25","10/6/25","10/10/25","10/14/25","10/18/25","10/22/25","10/26/25","10/30/25","11/3/25","11/7/25","11/11/25","11/15/25","11/19/25","11/23/25","11/27/25"],
        "clicks":        [3,0,2,1,0,2,1,0,1,2,0,3,1,2,2,1,2,3,5],
        "impressions":   [40,22,60,33,25,55,42,39,51,65,55,72,40,58,61,45,62,69,75],
        "ctr":           [7.5,0,3.3,3.0,0,3.6,2.3,0,1.9,3.0,0,4.1,2.5,3.4,3.2,2.2,3.1,4.3,6.6],
        "position":      [18,21,15,19,22,14,17,23,20,14,16,13,12,11,10,9,8,7,6]
      },

      "indexing": {
        "validPages": 120,
        "errorPages": 5,
        "indexed": 120,
        "notIndexed": 420,

        "chart": {
          "dates": ["9/9/25","9/16/25","9/23/25","9/30/25","10/7/25","10/14/25","10/21/25","10/28/25","11/4/25","11/11/25","11/18/25"],
          "indexed":    [0,10,20,40,60,80,95,105,112,118,120],
          "notIndexed": [380,390,395,400,410,415,418,419,420,420,420]
        },

        "reasons": [
          { "reason": "Not found (404)", "source": "Website", "validation": "Not Started", "trend": [0,1,0,1,1], "pages": 260 },
          { "reason": "Excluded by 'noindex' tag", "source": "Website", "validation": "Not Started", "trend": [0,0,0,1,1], "pages": 60 },
          { "reason": "Alternate page with proper canonical tag", "source": "Website", "validation": "Not Started", "trend": [0,0,1,1,1], "pages": 35 },
          { "reason": "Soft 404", "source": "Website", "validation": "Not Started", "trend": [0,0,0,0,0], "pages": 25 },
          { "reason": "Duplicate without user-selected canonical", "source": "Website", "validation": "Not Started", "trend": [0,0,0,1,1], "pages": 20 },
          { "reason": "Crawled - currently not indexed", "source": "Google systems", "validation": "Not Started", "trend": [0,0,1,0,1], "pages": 20 }
        ],

        "improvement": [
          { "reason": "Indexed, though blocked by robots.txt", "source": "Website", "validation": "N/A", "trend": [0,0,0,0,0], "pages": 0 }
        ]
      },

      "videos": { "indexed": 1, "notIndexed": 0, "trend": [0,0,0,1,1] },

      "experience": {
        "cwv": {
          "mobile":  { "good": 3, "ni": 1, "poor": 2, "trend": [1,1,2,3,3] },
          "desktop": { "good": 5, "ni": 0, "poor": 0, "trend": [1,2,2,2,2] }
        },
        "https": { "good": 20, "ni": 0, "poor": 0, "trend": [1,1,2,2,2] }
      },

      "shopping": {
        "product":  { "valid": 1, "invalid": 0, "trend": [0,1,1,1,1] },
        "merchant": { "valid": 0, "invalid": 0, "trend": [0,0,1,1,1] }
      },

      "enhancements": {
        "breadcrumbs": { "valid": 2, "invalid": 0, "trend": [1,1,2,2,2] }
      }
    },



 
    {
      "id": "shreeramprints.com",
      "label": "shreeramprints.com",
      "type": "Domain property",
      "icon": "shreeramprints.png",
      "verified": true,
      "status": "Domain property",
      "logo": "",

      "overviewIndexing": {
        "dates": ["9/16/25","9/20/25","9/24/25","9/28/25","10/2/25","10/6/25","10/10/25","10/14/25","10/18/25"],
        "indexed":    [10,15,25,35,45,55,65,75,80],
        "notIndexed": [260,260,260,260,260,260,260,260,260]
      },

      "performance": {
        "dates": ["9/16/25","9/20/25","9/24/25","9/28/25","10/2/25","10/6/25","10/10/25","10/14/25","10/18/25"],
        "clicks":        [1,0,1,0,2,1,0,3,1],
        "impressions":   [20,12,18,14,28,22,10,25,19],
        "ctr":           [5,0,5.5,0,7.1,4.5,0,12,6],
        "position":      [25,27,23,26,22,20,30,18,21]
      },

      "indexing": {
        "validPages": 80,
        "errorPages": 3,
        "indexed": 80,
        "notIndexed": 260,

        "chart": {
          "dates": ["9/9/25","9/16/25","9/23/25","9/30/25","10/7/25","10/14/25","10/21/25","10/28/25","11/4/25"],
          "indexed":    [5,15,25,35,50,60,70,75,80],
          "notIndexed": [260,260,260,260,260,260,260,260,260]
        },

        "reasons": [
          { "reason": "Not found (404)", "source": "Website", "validation": "Not Started", "trend": [0,1,0,1,1], "pages": 140 },
          { "reason": "Excluded by 'noindex' tag", "source": "Website", "validation": "Not Started", "trend": [0,0,0,1,1], "pages": 40 },
          { "reason": "Duplicate without user-selected canonical", "source": "Website", "validation": "Not Started", "trend": [0,0,1,1,1], "pages": 30 },
          { "reason": "Crawled - currently not indexed", "source": "Google systems", "validation": "Not Started", "trend": [0,0,0,1,0], "pages": 50 }
        ],

        "improvement": [
          { "reason": "Indexed, though blocked by robots.txt", "source": "Website", "validation": "N/A", "trend": [0,0,0,0,0], "pages": 0 }
        ]
      },

      "videos": { "indexed": 0, "notIndexed": 0, "trend": [0,0,0,0,0] },

      "experience": {
        "cwv": {
          "mobile":  { "good": 2, "ni": 1, "poor": 8, "trend": [1,1,2,3,3] },
          "desktop": { "good": 4, "ni": 1, "poor": 0, "trend": [1,2,2,2,3] }
        },
        "https": { "good": 10, "ni": 0, "poor": 0, "trend": [1,1,1,1,1] }
      },

      "shopping": {
        "product":  { "valid": 0, "invalid": 0, "trend": [0,0,0,0,0] },
        "merchant": { "valid": 0, "invalid": 0, "trend": [0,0,0,0,0] }
      },

      "enhancements": {
        "breadcrumbs": { "valid": 1, "invalid": 0, "trend": [0,1,1,1,1] }
      }
    },




    {
      "id": "zipwings.com",
      "label": "zipwings.com",
      "type": "Domain property",
      "icon": "zipwings.png",
      "verified": true,
      "status": "Domain property",
      "logo": "zipwwings_logo.png",

      "overviewIndexing": {
        "dates": ["9/16/25","9/21/25","9/26/25","10/1/25","10/6/25","10/11/25"],
        "indexed":    [10,15,20,30,38,45],
        "notIndexed": [120,120,120,120,120,120]
      },

      "performance": {
        "dates": ["9/16/25","9/21/25","9/26/25","10/1/25","10/6/25","10/11/25"],
        "clicks":        [0,1,0,2,1,0],
        "impressions":   [10,14,11,20,18,12],
        "ctr":           [0,7.1,0,10,5.5,0],
        "position":      [30,28,31,25,27,29]
      },

      "indexing": {
        "validPages": 45,
        "errorPages": 1,
        "indexed": 45,
        "notIndexed": 120,

        "chart": {
          "dates": ["9/9/25","9/16/25","9/23/25","9/30/25","10/7/25","10/14/25"],
          "indexed":    [5,10,20,30,38,45],
          "notIndexed": [120,120,120,120,120,120]
        },

        "reasons": [
          { "reason": "Not found (404)", "source": "Website", "validation": "Not Started", "trend": [0,1,0,1,0], "pages": 60 },
          { "reason": "Alternate page with proper canonical tag", "source": "Website", "validation": "Not Started", "trend": [0,0,0,1,1], "pages": 20 },
          { "reason": "Crawled - currently not indexed", "source": "Google systems", "validation": "Not Started", "trend": [0,0,1,0,1], "pages": 40 }
        ],

        "improvement": [
          { "reason": "Indexed, though blocked by robots.txt", "source": "Website", "validation": "N/A", "trend": [0,0,0,0,0], "pages": 0 }
        ]
      },

      "videos": { "indexed": 0, "notIndexed": 0, "trend": [0,0,0,0,0] },

      "experience": {
        "cwv": {
          "mobile":  { "good": 1, "ni": 1, "poor": 3, "trend": [0,1,1,1,2] },
          "desktop": { "good": 3, "ni": 0, "poor": 0, "trend": [1,1,1,1,1] }
        },
        "https": { "good": 10, "ni": 0, "poor": 0, "trend": [1,1,1,1,1] }
      },

      "shopping": {
        "product":  { "valid": 0, "invalid": 0, "trend": [0,0,0,0,0] },
        "merchant": { "valid": 0, "invalid": 0, "trend": [0,0,0,0,0] }
      },

      "enhancements": {
        "breadcrumbs": { "valid": 0, "invalid": 0, "trend": [0,0,0,0,0] }
      }
    },




    {
      "id": "blackdrifts.com",
      "label": "blackdrifts.com",
      "type": "Domain property",
      "icon": "blackdrifts.png",
      "verified": true,
      "status": "Domain property",
      "logo": "blackdrifts_logo.png",

      "overviewIndexing": {
        "dates": ["9/16/25","9/20/25","9/24/25","9/28/25","10/2/25","10/6/25","10/10/25","10/14/25"],
        "indexed":    [40,60,80,100,120,140,150,160],
        "notIndexed": [520,520,520,520,520,520,520,520]
      },

      "performance": {
        "dates": ["9/16/25","9/20/25","9/24/25","9/28/25","10/2/25","10/6/25","10/10/25","10/14/25"],
        "clicks":        [2,1,2,3,1,3,2,4],
        "impressions":   [26,20,34,40,22,36,28,48],
        "ctr":           [7.6,5,5.8,7.5,4.5,8.3,7.1,8.3],
        "position":      [16,18,14,12,19,13,15,11]
      },

      "indexing": {
        "validPages": 160,
        "errorPages": 10,
        "indexed": 160,
        "notIndexed": 520,

        "chart": {
          "dates": ["9/9/25","9/16/25","9/23/25","9/30/25","10/7/25","10/14/25","10/21/25","10/28/25"],
          "indexed":    [20,40,70,90,120,140,150,160],
          "notIndexed": [500,505,510,515,520,520,520,520]
        },

        "reasons": [
          { "reason": "Not found (404)", "source": "Website", "validation": "Not Started", "trend": [1,1,2,2,2], "pages": 320 },
          { "reason": "Excluded by 'noindex' tag", "source": "Website", "validation": "Not Started", "trend": [0,1,1,1,1], "pages": 80 },
          { "reason": "Soft 404", "source": "Website", "validation": "Not Started", "trend": [0,1,1,0,0], "pages": 40 },
          { "reason": "Crawled - currently not indexed", "source": "Google systems", "validation": "Not Started", "trend": [1,1,1,1,1], "pages": 80 }
        ],

        "improvement": [
          { "reason": "Indexed, though blocked by robots.txt", "source": "Website", "validation": "N/A", "trend": [0,0,0,0,0], "pages": 0 }
        ]
      },

      "videos": { "indexed": 0, "notIndexed": 1, "trend": [0,0,0,1,1] },

      "experience": {
        "cwv": {
          "mobile":  { "good": 3, "ni": 2, "poor": 10, "trend": [2,2,3,3,4] },
          "desktop": { "good": 6, "ni": 1, "poor": 0, "trend": [1,1,2,2,2] }
        },
        "https": { "good": 20, "ni": 0, "poor": 0, "trend": [1,1,1,1,1] }
      },

      "shopping": {
        "product":  { "valid": 1, "invalid": 1, "trend": [1,1,1,1,1] },
        "merchant": { "valid": 0, "invalid": 0, "trend": [0,0,0,0,0] }
      },

      "enhancements": {
        "breadcrumbs": { "valid": 2, "invalid": 0, "trend": [1,1,2,2,2] }
      }
    },



   
    {
      "id": "jyotishgyaanganga.com",
      "label": "jyotishgyaanganga.com",
      "type": "Domain property",
      "icon": "jyotishgyaanganga.png",
      "verified": true,
      "status": "Domain property",
      "logo": "jyotish_logo.png",

      "overviewIndexing": {
        "dates": ["9/16/25","9/20/25","9/24/25","9/28/25","10/2/25","10/6/25","10/10/25","10/14/25","10/18/25","10/22/25","10/26/25","10/30/25","11/3/25","11/7/25","11/11/25","11/15/25","11/19/25","11/23/25","11/27/25"],
        "indexed":    [10,20,40,60,90,120,150,180,200,220,230,240,245,250,253,255,256,257,257],
        "notIndexed": [5000,5030,5060,5080,5100,5120,5140,5150,5155,5160,5160,5160,5160,5160,5160,5160,5160,5160,5160]
      },

      "performance": {
        "dates": ["9/16/25","9/20/25","9/24/25","9/28/25","10/2/25","10/6/25","10/10/25","10/14/25","10/18/25","10/22/25","10/26/25","10/30/25","11/3/25","11/7/25","11/11/25","11/15/25","11/19/25","11/23/25","11/27/25"],
        "clicks":        [3,0,2,1,0,2,1,0,1,2,0,3,1,2,2,1,2,3,5],
        "impressions":   [50,30,62,34,32,58,44,39,51,66,54,74,45,59,63,40,61,70,78],
        "ctr":           [6,0,3.2,2.9,0,3.4,2.2,0,1.9,3.0,0,4.1,2.3,3.3,3.1,2.1,3.0,4.2,6.4],
        "position":      [15,17,13,18,19,12,14,20,16,14,15,12,11,10,9,8,7,6,5]
      },

      "indexing": {
        "validPages": 257,
        "errorPages": 20,
        "indexed": 257,
        "notIndexed": 5160,

        "chart": {
          "dates": ["9/9/25","9/16/25","9/23/25","9/30/25","10/7/25","10/14/25","10/21/25","10/28/25","11/4/25","11/11/25","11/18/25"],
          "indexed":    [0,10,30,50,80,140,180,220,240,250,257],
          "notIndexed": [5000,5050,5080,5100,5120,5140,5150,5155,5158,5160,5160]
        },

        "reasons": [
          { "reason": "Not found (404)", "source": "Website", "validation": "Not Started", "trend": [1,2,2,2,2], "pages": 4563 },
          { "reason": "Excluded by 'noindex' tag", "source": "Website", "validation": "Not Started", "trend": [0,0,1,1,1], "pages": 180 },
          { "reason": "Alternate page with proper canonical tag", "source": "Website", "validation": "Not Started", "trend": [0,1,1,1,1], "pages": 34 },
          { "reason": "Page with redirect", "source": "Website", "validation": "Not Started", "trend": [0,1,1,0,0], "pages": 12 },
          { "reason": "Soft 404", "source": "Website", "validation": "Not Started", "trend": [0,0,0,0,0], "pages": 7 },
          { "reason": "Duplicate without user-selected canonical", "source": "Website", "validation": "Not Started", "trend": [0,1,1,1,1], "pages": 7 },
          { "reason": "Blocked by robots.txt", "source": "Website", "validation": "Not Started", "trend": [0,0,0,0,0], "pages": 3 },
          { "reason": "Crawled - currently not indexed", "source": "Google systems", "validation": "Not Started", "trend": [1,1,1,1,1], "pages": 353 }
        ],

        "improvement": [
          { "reason": "Indexed, though blocked by robots.txt", "source": "Website", "validation": "N/A", "trend": [0,0,0,0,0], "pages": 0 }
        ]
      },

      "videos": { "indexed": 1, "notIndexed": 0, "trend": [0,0,1,1,1] },

      "experience": {
        "cwv": {
          "mobile":  { "good": 0, "ni": 0, "poor": 12, "trend": [2,3,4,4,4] },
          "desktop": { "good": 0, "ni": 0, "poor": 0,  "trend": [0,0,0,0,0] }
        },
        "https": { "good": 12, "ni": 0, "poor": 0, "trend": [1,1,1,1,1] }
      },

      "shopping": {
        "product":  { "valid": 0, "invalid": 0, "trend": [0,1,1,1,1] },
        "merchant": { "valid": 0, "invalid": 0, "trend": [1,1,1,1,1] }
      },

      "enhancements": {
        "breadcrumbs": { "valid": 1, "invalid": 0, "trend": [1,1,1,1,1] }
      }
    },



  
    {
      "id": "luilain.com",
      "label": "luilain.com",
      "type": "Domain property",
      "icon": "luilain.png",
      "verified": true,
      "status": "Domain property",
      "logo": "luilain_logo.png",

      "overviewIndexing": {
        "dates": ["9/16/25","9/22/25","9/28/25","10/4/25","10/10/25","10/16/25"],
        "indexed":    [10,20,30,40,50,60],
        "notIndexed": [190,190,190,190,190,190]
      },

      "performance": {
        "dates": ["9/16/25","9/22/25","9/28/25","10/4/25","10/10/25","10/16/25"],
        "clicks":        [1,0,1,1,0,2],
        "impressions":   [18,12,20,21,14,30],
        "ctr":           [5.5,0,5,4.7,0,6.6],
        "position":      [20,23,18,17,25,16]
      },

      "indexing": {
        "validPages": 60,
        "errorPages": 2,
        "indexed": 60,
        "notIndexed": 190,

        "chart": {
          "dates": ["9/9/25","9/16/25","9/23/25","9/30/25","10/7/25","10/14/25"],
          "indexed":    [5,15,25,35,50,60],
          "notIndexed": [190,190,190,190,190,190]
        },

        "reasons": [
          { "reason": "Not found (404)", "source": "Website", "validation": "Not Started", "trend": [1,1,1,1,1], "pages": 100 },
          { "reason": "Excluded by 'noindex' tag", "source": "Website", "validation": "Not Started", "trend": [0,1,1,1,1], "pages": 30 },
          { "reason": "Crawled - currently not indexed", "source": "Google systems", "validation": "Not Started", "trend": [1,1,1,1,1], "pages": 60 }
        ],

        "improvement": [
          { "reason": "Indexed, though blocked by robots.txt", "source": "Website", "validation": "N/A", "trend": [0,0,0,0,0], "pages": 0 }
        ]
      },

      "videos": { "indexed": 0, "notIndexed": 0, "trend": [0,0,0,0,0] },

      "experience": {
        "cwv": {
          "mobile":  { "good": 1, "ni": 1, "poor": 4, "trend": [1,1,1,2,2] },
          "desktop": { "good": 3, "ni": 0, "poor": 0, "trend": [1,1,1,1,1] }
        },
        "https": { "good": 8, "ni": 0, "poor": 0, "trend": [1,1,1,1,1] }
      },

      "shopping": {
        "product":  { "valid": 0, "invalid": 0, "trend": [0,0,0,0,0] },
        "merchant": { "valid": 0, "invalid": 0, "trend": [0,0,0,0,0] }
      },

      "enhancements": {
        "breadcrumbs": { "valid": 0, "invalid": 0, "trend": [0,0,0,0,0] }
      }
    }
  ]
}
